{
  "identity": {
    "cosine_similarity": 0.999999999872,
    "coincidence_R2": 1.0,
    "trained_R2": 1.0
  },
  "cost": {
    "coincidence_macs": 256,
    "coincidence_params": 0,
    "dense_macs_allK": 20480,
    "dense_params": 20480,
    "macs_per_stream_equal": 256
  },
  "sparsity": {
    "fracs": [
      0.02,
      0.1090909090909091,
      0.19818181818181818,
      0.2872727272727273,
      0.3763636363636364,
      0.4654545454545455,
      0.5545454545454546,
      0.6436363636363637,
      0.7327272727272728,
      0.8218181818181819,
      0.910909090909091,
      1.0
    ],
    "gate_cost": [
      256,
      2048,
      3840,
      5632,
      7680,
      9472,
      11264,
      13056,
      14848,
      16640,
      18432,
      20480
    ],
    "dense_cost": [
      20480,
      20480,
      20480,
      20480,
      20480,
      20480,
      20480,
      20480,
      20480,
      20480,
      20480,
      20480
    ]
  },
  "fairness": {
    "clean": {
      "coincidence": 1.0,
      "trained": 1.0
    },
    "mixed": {
      "coincidence": 0.0026324866726605218,
      "trained": 1.0
    }
  }
}