{
  "channel": {
    "N": 512,
    "B": 128,
    "dimension_limit": 256
  },
  "capacity": {
    "Ks": [
      8,
      21,
      35,
      49,
      63,
      77,
      91,
      105,
      119,
      133,
      147,
      160,
      174,
      188,
      202,
      216,
      230,
      244,
      258,
      272,
      286,
      300
    ],
    "curves": {
      "fdm": [
        1.0,
        1.0,
        0.9999999999999997,
        0.9999999999999999,
        0.9999999999999997,
        0.9999999999999999,
        0.9999999999999997,
        0.9999999999999997,
        0.9999999999999997,
        0.9257820118552761,
        0.7990657133967574,
        0.7156706020140028,
        0.6450182275770374,
        0.5960895642694441,
        0.5806850508357829,
        0.5549853697993964,
        0.5389608301233286,
        0.5119900891952948,
        0.494266478540925,
        0.465318544809558,
        0.4377490608913057,
        0.40238316771808663
      ],
      "phase": [
        1.0,
        0.9999999999999997,
        1.0,
        1.0,
        0.9999999999999999,
        0.9999999999999997,
        1.0,
        1.0,
        0.9999999999999997,
        0.9999999999999997,
        0.9999999999999997,
        0.9999999999999996,
        0.9999999999999996,
        0.9999999999999997,
        0.9999999999999999,
        0.9999999999999997,
        0.9999999999999997,
        0.9999999999999997,
        0.984113972778978,
        0.8919206693707419,
        0.8362516195218154,
        0.7765623459348757
      ]
    },
    "ceiling_fdm": 133,
    "ceiling_phase": 258
  },
  "awgn": {
    "snrs": [
      0.1,
      0.3,
      1.0,
      3.0,
      10.0
    ],
    "curves": {
      "fdm": [
        0.447800998874088,
        0.7080844053446278,
        0.8902650289700549,
        0.9609459107849517,
        0.9875923877296854
      ],
      "phase": [
        0.4265189796031358,
        0.6952776971863571,
        0.8882751361094489,
        0.9614704579821739,
        0.9877585547074117
      ]
    },
    "mean_gap": 0.007353866892955474
  },
  "jitter": {
    "levels": [
      0.0,
      0.002,
      0.005,
      0.01,
      0.02,
      0.05
    ],
    "curves": {
      "fdm": [
        0.9999999999999997,
        0.9211967308474595,
        0.5448348109665044,
        0.19980382173812067,
        0.09493087727741358,
        0.031907915039270186
      ],
      "phase": [
        0.9999999999999998,
        0.9674805224327893,
        0.8063517539943662,
        0.47804938292131993,
        0.18746256273706097,
        0.05463699659868828
      ]
    }
  },
  "rate_readout": {
    "fdm": 1.0,
    "phase": 0.4842760914088865
  }
}